Date,30-Year Fixed Mortgage Rate
2015-04-28 04:00:00,3.79
2015-04-29 04:00:00,3.84
2015-04-30 04:00:00,3.82
2015-05-01 04:00:00,3.84
2015-05-04 04:00:00,3.89
2015-05-05 04:00:00,3.95
2015-05-06 04:00:00,3.98
2015-05-07 04:00:00,3.95
2015-05-08 04:00:00,3.87
2015-05-11 04:00:00,3.98
2015-05-12 04:00:00,4.02
2015-05-13 04:00:00,4.04
2015-05-14 04:00:00,4.01
2015-05-15 04:00:00,3.93
2015-05-18 04:00:00,3.97
2015-05-19 04:00:00,4.01
2015-05-20 04:00:00,4.0
2015-05-21 04:00:00,3.98
2015-05-22 04:00:00,3.98
2015-05-26 04:00:00,3.97
2015-05-27 04:00:00,3.97
2015-05-28 04:00:00,3.96
2015-05-29 04:00:00,3.93
2015-06-01 04:00:00,3.97
2015-06-02 04:00:00,4.04
2015-06-03 04:00:00,4.1
2015-06-04 04:00:00,4.08
2015-06-05 04:00:00,4.13
2015-06-08 04:00:00,4.1
2015-06-09 04:00:00,4.13
2015-06-10 04:00:00,4.18
2015-06-11 04:00:00,4.11
2015-06-12 04:00:00,4.12
2015-06-15 04:00:00,4.12
2015-06-16 04:00:00,4.11
2015-06-17 04:00:00,4.09
2015-06-18 04:00:00,4.08
2015-06-19 04:00:00,4.05
2015-06-22 04:00:00,4.1
2015-06-23 04:00:00,4.14
2015-06-24 04:00:00,4.14
2015-06-25 04:00:00,4.14
2015-06-26 04:00:00,4.2
2015-06-29 04:00:00,4.14
2015-06-30 04:00:00,4.12
2015-07-01 04:00:00,4.16
2015-07-02 04:00:00,4.13
2015-07-06 04:00:00,4.09
2015-07-07 04:00:00,4.07
2015-07-08 04:00:00,4.03
2015-07-09 04:00:00,4.08
2015-07-10 04:00:00,4.14
2015-07-13 04:00:00,4.15
2015-07-14 04:00:00,4.12
2015-07-15 04:00:00,4.09
2015-07-16 04:00:00,4.08
2015-07-17 04:00:00,4.07
2015-07-20 04:00:00,4.08
2015-07-21 04:00:00,4.06
2015-07-22 04:00:00,4.04
2015-07-23 04:00:00,4.03
2015-07-24 04:00:00,4.02
2015-07-27 04:00:00,4.01
2015-07-28 04:00:00,4.02
2015-07-29 04:00:00,4.03
2015-07-30 04:00:00,4.03
2015-07-31 04:00:00,3.97
2015-08-03 04:00:00,3.95
2015-08-04 04:00:00,3.98
2015-08-05 04:00:00,4.03
2015-08-06 04:00:00,4.0
2015-08-07 04:00:00,3.98
2015-08-10 04:00:00,4.0
2015-08-11 04:00:00,3.95
2015-08-12 04:00:00,3.96
2015-08-13 04:00:00,3.99
2015-08-14 04:00:00,4.0
2015-08-17 04:00:00,3.99
2015-08-18 04:00:00,4.01
2015-08-19 04:00:00,3.96
2015-08-20 04:00:00,3.94
2015-08-21 04:00:00,3.93
2015-08-24 04:00:00,3.9
2015-08-25 04:00:00,3.96
2015-08-26 04:00:00,3.98
2015-08-27 04:00:00,3.99
2015-08-28 04:00:00,3.98
2015-08-31 04:00:00,4.0
2015-09-01 04:00:00,3.99
2015-09-02 04:00:00,4.0
2015-09-03 04:00:00,3.99
2015-09-04 04:00:00,3.97
2015-09-08 04:00:00,4.0
2015-09-09 04:00:00,3.99
2015-09-10 04:00:00,4.0
2015-09-11 04:00:00,3.99
2015-09-14 04:00:00,3.98
2015-09-15 04:00:00,4.04
2015-09-16 04:00:00,4.05
2015-09-17 04:00:00,3.98
2015-09-18 04:00:00,3.93
2015-09-21 04:00:00,3.96
2015-09-22 04:00:00,3.94
2015-09-23 04:00:00,3.95
2015-09-24 04:00:00,3.95
2015-09-25 04:00:00,3.97
2015-09-28 04:00:00,3.94
2015-09-29 04:00:00,3.9
2015-09-30 04:00:00,3.89
2015-10-01 04:00:00,3.86
2015-10-02 04:00:00,3.77
2015-10-05 04:00:00,3.86
2015-10-06 04:00:00,3.86
2015-10-07 04:00:00,3.87
2015-10-08 04:00:00,3.89
2015-10-09 04:00:00,3.9
2015-10-13 04:00:00,3.87
2015-10-14 04:00:00,3.83
2015-10-15 04:00:00,3.84
2015-10-16 04:00:00,3.83
2015-10-19 04:00:00,3.83
2015-10-20 04:00:00,3.86
2015-10-21 04:00:00,3.85
2015-10-22 04:00:00,3.82
2015-10-23 04:00:00,3.83
2015-10-26 04:00:00,3.84
2015-10-27 04:00:00,3.83
2015-10-28 04:00:00,3.87
2015-10-29 04:00:00,3.91
2015-10-30 04:00:00,3.9
2015-11-02 05:00:00,3.91
2015-11-03 05:00:00,3.94
2015-11-04 05:00:00,3.98
2015-11-05 05:00:00,3.99
2015-11-06 05:00:00,4.04
2015-11-09 05:00:00,4.06
2015-11-10 05:00:00,4.06
2015-11-12 05:00:00,4.04
2015-11-13 05:00:00,4.03
2015-11-16 05:00:00,4.01
2015-11-17 05:00:00,4.01
2015-11-18 05:00:00,4.02
2015-11-19 05:00:00,4.0
2015-11-20 05:00:00,4.0
2015-11-23 05:00:00,4.01
2015-11-24 05:00:00,4.01
2015-11-25 05:00:00,4.0
2015-11-27 05:00:00,4.0
2015-11-30 05:00:00,4.0
2015-12-01 05:00:00,3.95
2015-12-02 05:00:00,3.96
2015-12-03 05:00:00,4.07
2015-12-04 05:00:00,4.03
2015-12-07 05:00:00,3.98
2015-12-08 05:00:00,3.99
2015-12-09 05:00:00,3.99
2015-12-10 05:00:00,4.02
2015-12-11 05:00:00,3.98
2015-12-14 05:00:00,4.04
2015-12-15 05:00:00,4.08
2015-12-16 05:00:00,4.06
2015-12-17 05:00:00,4.02
2015-12-18 05:00:00,4.02
2015-12-21 05:00:00,4.01
2015-12-22 05:00:00,4.05
2015-12-23 05:00:00,4.1
2015-12-24 05:00:00,4.1
2015-12-28 05:00:00,4.09
2015-12-29 05:00:00,4.11
2015-12-30 05:00:00,4.11
2015-12-31 05:00:00,4.09
2016-01-04 05:00:00,4.02
2016-01-05 05:00:00,4.03
2016-01-06 05:00:00,3.98
2016-01-07 05:00:00,3.96
2016-01-08 05:00:00,3.94
2016-01-11 05:00:00,3.96
2016-01-12 05:00:00,3.93
2016-01-13 05:00:00,3.93
2016-01-14 05:00:00,3.94
2016-01-15 05:00:00,3.84
2016-01-19 05:00:00,3.89
2016-01-20 05:00:00,3.84
2016-01-21 05:00:00,3.84
2016-01-22 05:00:00,3.88
2016-01-25 05:00:00,3.86
2016-01-26 05:00:00,3.84
2016-01-27 05:00:00,3.84
2016-01-28 05:00:00,3.82
2016-01-29 05:00:00,3.78
2016-02-01 05:00:00,3.8
2016-02-02 05:00:00,3.77
2016-02-03 05:00:00,3.76
2016-02-04 05:00:00,3.76
2016-02-05 05:00:00,3.77
2016-02-08 05:00:00,3.69
2016-02-09 05:00:00,3.62
2016-02-10 05:00:00,3.61
2016-02-11 05:00:00,3.55
2016-02-12 05:00:00,3.66
2016-02-16 05:00:00,3.69
2016-02-17 05:00:00,3.71
2016-02-18 05:00:00,3.66
2016-02-19 05:00:00,3.64
2016-02-22 05:00:00,3.65
2016-02-23 05:00:00,3.64
2016-02-24 05:00:00,3.63
2016-02-25 05:00:00,3.65
2016-02-26 05:00:00,3.67
2016-02-29 05:00:00,3.66
2016-03-01 05:00:00,3.7
2016-03-02 05:00:00,3.73
2016-03-03 05:00:00,3.73
2016-03-04 05:00:00,3.76
2016-03-07 05:00:00,3.77
2016-03-08 05:00:00,3.73
2016-03-09 05:00:00,3.78
2016-03-10 05:00:00,3.82
2016-03-11 05:00:00,3.83
2016-03-14 04:00:00,3.82
2016-03-15 04:00:00,3.83
2016-03-16 04:00:00,3.81
2016-03-17 04:00:00,3.76
2016-03-18 04:00:00,3.75
2016-03-21 04:00:00,3.77
2016-03-22 04:00:00,3.79
2016-03-23 04:00:00,3.77
2016-03-24 04:00:00,3.79
2016-03-28 04:00:00,3.79
2016-03-29 04:00:00,3.75
2016-03-30 04:00:00,3.74
2016-03-31 04:00:00,3.71
2016-04-01 04:00:00,3.65
2016-04-04 04:00:00,3.65
2016-04-05 04:00:00,3.63
2016-04-06 04:00:00,3.65
2016-04-07 04:00:00,3.64
2016-04-08 04:00:00,3.64
2016-04-11 04:00:00,3.63
2016-04-12 04:00:00,3.63
2016-04-13 04:00:00,3.65
2016-04-14 04:00:00,3.66
2016-04-15 04:00:00,3.64
2016-04-18 04:00:00,3.64
2016-04-19 04:00:00,3.64
2016-04-20 04:00:00,3.69
2016-04-21 04:00:00,3.73
2016-04-22 04:00:00,3.75
2016-04-25 04:00:00,3.75
2016-04-26 04:00:00,3.75
2016-04-27 04:00:00,3.73
2016-04-28 04:00:00,3.68
2016-04-29 04:00:00,3.67
2016-05-02 04:00:00,3.66
2016-05-03 04:00:00,3.64
2016-05-04 04:00:00,3.63
2016-05-05 04:00:00,3.63
2016-05-06 04:00:00,3.61
2016-05-09 04:00:00,3.61
2016-05-10 04:00:00,3.6
2016-05-11 04:00:00,3.61
2016-05-12 04:00:00,3.63
2016-05-13 04:00:00,3.62
2016-05-16 04:00:00,3.62
2016-05-17 04:00:00,3.63
2016-05-18 04:00:00,3.75
2016-05-19 04:00:00,3.73
2016-05-20 04:00:00,3.73
2016-05-23 04:00:00,3.72
2016-05-24 04:00:00,3.74
2016-05-25 04:00:00,3.75
2016-05-26 04:00:00,3.73
2016-05-27 04:00:00,3.72
2016-05-31 04:00:00,3.72
2016-06-01 04:00:00,3.7
2016-06-02 04:00:00,3.71
2016-06-03 04:00:00,3.62
2016-06-06 04:00:00,3.64
2016-06-07 04:00:00,3.63
2016-06-08 04:00:00,3.62
2016-06-09 04:00:00,3.59
2016-06-10 04:00:00,3.58
2016-06-13 04:00:00,3.56
2016-06-14 04:00:00,3.56
2016-06-15 04:00:00,3.56
2016-06-16 04:00:00,3.52
2016-06-17 04:00:00,3.53
2016-06-20 04:00:00,3.56
2016-06-21 04:00:00,3.57
2016-06-22 04:00:00,3.59
2016-06-23 04:00:00,3.6
2016-06-24 04:00:00,3.49
2016-06-27 04:00:00,3.46
2016-06-28 04:00:00,3.44
2016-06-29 04:00:00,3.43
2016-06-30 04:00:00,3.42
2016-07-01 04:00:00,3.4
2016-07-05 04:00:00,3.37
2016-07-06 04:00:00,3.34
2016-07-07 04:00:00,3.37
2016-07-08 04:00:00,3.37
2016-07-11 04:00:00,3.38
2016-07-12 04:00:00,3.42
2016-07-13 04:00:00,3.4
2016-07-14 04:00:00,3.42
2016-07-15 04:00:00,3.42
2016-07-18 04:00:00,3.43
2016-07-19 04:00:00,3.42
2016-07-20 04:00:00,3.42
2016-07-21 04:00:00,3.44
2016-07-22 04:00:00,3.44
2016-07-25 04:00:00,3.44
2016-07-26 04:00:00,3.45
2016-07-27 04:00:00,3.44
2016-07-28 04:00:00,3.39
2016-07-29 04:00:00,3.37
2016-08-01 04:00:00,3.38
2016-08-02 04:00:00,3.39
2016-08-03 04:00:00,3.4
2016-08-04 04:00:00,3.38
2016-08-05 04:00:00,3.41
2016-08-08 04:00:00,3.43
2016-08-09 04:00:00,3.4
2016-08-10 04:00:00,3.38
2016-08-11 04:00:00,3.4
2016-08-12 04:00:00,3.37
2016-08-15 04:00:00,3.4
2016-08-16 04:00:00,3.41
2016-08-17 04:00:00,3.42
2016-08-18 04:00:00,3.41
2016-08-19 04:00:00,3.42
2016-08-22 04:00:00,3.41
2016-08-23 04:00:00,3.41
2016-08-24 04:00:00,3.4
2016-08-25 04:00:00,3.41
2016-08-26 04:00:00,3.41
2016-08-29 04:00:00,3.42
2016-08-30 04:00:00,3.41
2016-08-31 04:00:00,3.41
2016-09-01 04:00:00,3.42
2016-09-02 04:00:00,3.42
2016-09-06 04:00:00,3.41
2016-09-07 04:00:00,3.38
2016-09-08 04:00:00,3.4
2016-09-09 04:00:00,3.46
2016-09-12 04:00:00,3.49
2016-09-13 04:00:00,3.5
2016-09-14 04:00:00,3.47
2016-09-15 04:00:00,3.47
2016-09-16 04:00:00,3.47
2016-09-19 04:00:00,3.47
2016-09-20 04:00:00,3.48
2016-09-21 04:00:00,3.47
2016-09-22 04:00:00,3.43
2016-09-23 04:00:00,3.42
2016-09-26 04:00:00,3.39
2016-09-27 04:00:00,3.37
2016-09-28 04:00:00,3.37
2016-09-29 04:00:00,3.39
2016-09-30 04:00:00,3.39
2016-10-03 04:00:00,3.42
2016-10-04 04:00:00,3.48
2016-10-05 04:00:00,3.52
2016-10-06 04:00:00,3.52
2016-10-07 04:00:00,3.53
2016-10-11 04:00:00,3.56
2016-10-12 04:00:00,3.57
2016-10-13 04:00:00,3.56
2016-10-14 04:00:00,3.58
2016-10-17 04:00:00,3.57
2016-10-18 04:00:00,3.56
2016-10-19 04:00:00,3.55
2016-10-20 04:00:00,3.54
2016-10-21 04:00:00,3.54
2016-10-24 04:00:00,3.55
2016-10-25 04:00:00,3.55
2016-10-26 04:00:00,3.56
2016-10-27 04:00:00,3.61
2016-10-28 04:00:00,3.6
2016-10-31 04:00:00,3.59
2016-11-01 04:00:00,3.6
2016-11-02 04:00:00,3.59
2016-11-03 04:00:00,3.6
2016-11-04 04:00:00,3.59
2016-11-07 05:00:00,3.59
2016-11-08 05:00:00,3.62
2016-11-09 05:00:00,3.75
2016-11-10 05:00:00,3.85
2016-11-14 05:00:00,4.0
2016-11-15 05:00:00,4.02
2016-11-16 05:00:00,4.0
2016-11-17 05:00:00,4.03
2016-11-18 05:00:00,4.12
2016-11-21 05:00:00,4.12
2016-11-22 05:00:00,4.1
2016-11-23 05:00:00,4.18
2016-11-25 05:00:00,4.19
2016-11-28 05:00:00,4.14
2016-11-29 05:00:00,4.1
2016-11-30 05:00:00,4.13
2016-12-01 05:00:00,4.24
2016-12-02 05:00:00,4.13
2016-12-05 05:00:00,4.17
2016-12-06 05:00:00,4.16
2016-12-07 05:00:00,4.13
2016-12-08 05:00:00,4.15
2016-12-09 05:00:00,4.2
2016-12-12 05:00:00,4.21
2016-12-13 05:00:00,4.19
2016-12-14 05:00:00,4.27
2016-12-15 05:00:00,4.38
2016-12-16 05:00:00,4.38
2016-12-19 05:00:00,4.37
2016-12-20 05:00:00,4.37
2016-12-21 05:00:00,4.35
2016-12-22 05:00:00,4.35
2016-12-23 05:00:00,4.33
2016-12-27 05:00:00,4.36
2016-12-28 05:00:00,4.3
2016-12-29 05:00:00,4.23
2016-12-30 05:00:00,4.21
2017-01-03 05:00:00,4.18
2017-01-04 05:00:00,4.2
2017-01-05 05:00:00,4.1
2017-01-06 05:00:00,4.15
2017-01-09 05:00:00,4.12
2017-01-10 05:00:00,4.14
2017-01-11 05:00:00,4.09
2017-01-12 05:00:00,4.11
2017-01-13 05:00:00,4.16
2017-01-17 05:00:00,4.12
2017-01-18 05:00:00,4.2
2017-01-19 05:00:00,4.24
2017-01-20 05:00:00,4.25
2017-01-23 05:00:00,4.16
2017-01-24 05:00:00,4.23
2017-01-25 05:00:00,4.28
2017-01-26 05:00:00,4.31
2017-01-27 05:00:00,4.24
2017-01-30 05:00:00,4.22
2017-01-31 05:00:00,4.21
2017-02-01 05:00:00,4.25
2017-02-02 05:00:00,4.23
2017-02-03 05:00:00,4.24
2017-02-06 05:00:00,4.19
2017-02-07 05:00:00,4.16
2017-02-08 05:00:00,4.12
2017-02-09 05:00:00,4.13
2017-02-10 05:00:00,4.19
2017-02-13 05:00:00,4.2
2017-02-14 05:00:00,4.24
2017-02-15 05:00:00,4.26
2017-02-16 05:00:00,4.2
2017-02-17 05:00:00,4.18
2017-02-21 05:00:00,4.21
2017-02-22 05:00:00,4.2
2017-02-23 05:00:00,4.18
2017-02-24 05:00:00,4.12
2017-02-27 05:00:00,4.15
2017-02-28 05:00:00,4.16
2017-03-01 05:00:00,4.23
2017-03-02 05:00:00,4.24
2017-03-03 05:00:00,4.25
2017-03-06 05:00:00,4.24
2017-03-07 05:00:00,4.25
2017-03-08 05:00:00,4.32
2017-03-09 05:00:00,4.35
2017-03-10 05:00:00,4.35
2017-03-13 04:00:00,4.39
2017-03-14 04:00:00,4.39
2017-03-15 04:00:00,4.27
2017-03-16 04:00:00,4.27
2017-03-17 04:00:00,4.26
2017-03-20 04:00:00,4.24
2017-03-21 04:00:00,4.21
2017-03-22 04:00:00,4.19
2017-03-23 04:00:00,4.2
2017-03-24 04:00:00,4.2
2017-03-27 04:00:00,4.17
2017-03-28 04:00:00,4.21
2017-03-29 04:00:00,4.21
2017-03-30 04:00:00,4.21
2017-03-31 04:00:00,4.19
2017-04-03 04:00:00,4.15
2017-04-04 04:00:00,4.14
2017-04-05 04:00:00,4.15
2017-04-06 04:00:00,4.15
2017-04-07 04:00:00,4.17
2017-04-10 04:00:00,4.18
2017-04-11 04:00:00,4.08
2017-04-12 04:00:00,4.05
2017-04-13 04:00:00,4.04
2017-04-17 04:00:00,4.03
2017-04-18 04:00:00,4.0
2017-04-19 04:00:00,4.01
2017-04-20 04:00:00,4.04
2017-04-21 04:00:00,4.05
2017-04-24 04:00:00,4.08
2017-04-25 04:00:00,4.11
2017-04-26 04:00:00,4.11
2017-04-27 04:00:00,4.09
2017-04-28 04:00:00,4.09
2017-05-01 04:00:00,4.1
2017-05-02 04:00:00,4.08
2017-05-03 04:00:00,4.08
2017-05-04 04:00:00,4.1
2017-05-05 04:00:00,4.09
2017-05-08 04:00:00,4.09
2017-05-09 04:00:00,4.11
2017-05-10 04:00:00,4.12
2017-05-11 04:00:00,4.17
2017-05-12 04:00:00,4.09
2017-05-15 04:00:00,4.1
2017-05-16 04:00:00,4.09
2017-05-17 04:00:00,3.99
2017-05-18 04:00:00,3.99
2017-05-19 04:00:00,4.02
2017-05-22 04:00:00,4.03
2017-05-23 04:00:00,4.03
2017-05-24 04:00:00,4.05
2017-05-25 04:00:00,4.03
2017-05-26 04:00:00,4.02
2017-05-31 04:00:00,4.0
2017-06-01 04:00:00,4.02
2017-06-02 04:00:00,3.98
2017-06-05 04:00:00,4.0
2017-06-06 04:00:00,3.97
2017-06-07 04:00:00,3.97
2017-06-08 04:00:00,4.0
2017-06-09 04:00:00,4.01
2017-06-12 04:00:00,4.01
2017-06-13 04:00:00,4.02
2017-06-14 04:00:00,3.98
2017-06-15 04:00:00,4.0
2017-06-16 04:00:00,4.0
2017-06-19 04:00:00,4.01
2017-06-20 04:00:00,3.99
2017-06-21 04:00:00,3.99
2017-06-22 04:00:00,3.98
2017-06-23 04:00:00,3.98
2017-06-26 04:00:00,3.97
2017-06-27 04:00:00,4.0
2017-06-28 04:00:00,4.02
2017-06-29 04:00:00,4.06
2017-06-30 04:00:00,4.07
2017-07-03 04:00:00,4.11
2017-07-05 04:00:00,4.11
2017-07-06 04:00:00,4.13
2017-07-07 04:00:00,4.13
2017-07-10 04:00:00,4.12
2017-07-11 04:00:00,4.25
2017-07-12 04:00:00,4.07
2017-07-13 04:00:00,4.08
2017-07-14 04:00:00,4.06
2017-07-17 04:00:00,4.07
2017-07-18 04:00:00,4.05
2017-07-19 04:00:00,4.03
2017-07-20 04:00:00,4.03
2017-07-21 04:00:00,4.0
2017-07-24 04:00:00,4.0
2017-07-25 04:00:00,4.06
2017-07-26 04:00:00,4.05
2017-07-27 04:00:00,4.04
2017-07-28 04:00:00,4.04
2017-07-31 04:00:00,4.02
2017-08-01 04:00:00,3.99
2017-08-02 04:00:00,3.99
2017-08-03 04:00:00,3.98
2017-08-04 04:00:00,3.99
2017-08-07 04:00:00,3.99
2017-08-08 04:00:00,3.98
2017-08-09 04:00:00,3.96
2017-08-10 04:00:00,3.96
2017-08-11 04:00:00,3.96
2017-08-14 04:00:00,3.97
2017-08-15 04:00:00,3.98
2017-08-16 04:00:00,3.96
2017-08-17 04:00:00,3.95
2017-08-18 04:00:00,3.94
2017-08-21 04:00:00,3.94
2017-08-22 04:00:00,3.95
2017-08-23 04:00:00,3.94
2017-08-24 04:00:00,3.95
2017-08-25 04:00:00,3.95
2017-08-28 04:00:00,3.94
2017-08-29 04:00:00,3.88
2017-08-30 04:00:00,3.9
2017-08-31 04:00:00,3.89
2017-09-01 04:00:00,3.9
2017-09-05 04:00:00,3.87
2017-09-06 04:00:00,3.86
2017-09-07 04:00:00,3.85
2017-09-08 04:00:00,3.84
2017-09-11 04:00:00,3.89
2017-09-12 04:00:00,3.94
2017-09-13 04:00:00,3.93
2017-09-14 04:00:00,3.95
2017-09-15 04:00:00,3.94
2017-09-18 04:00:00,3.96
2017-09-19 04:00:00,3.96
2017-09-20 04:00:00,3.98
2017-09-21 04:00:00,3.97
2017-09-22 04:00:00,3.97
2017-09-25 04:00:00,3.97
2017-09-26 04:00:00,3.95
2017-09-27 04:00:00,3.98
2017-09-28 04:00:00,3.99
2017-09-29 04:00:00,3.97
2017-10-02 04:00:00,3.98
2017-10-03 04:00:00,3.98
2017-10-04 04:00:00,3.97
2017-10-05 04:00:00,3.98
2017-10-06 04:00:00,3.99
2017-10-10 04:00:00,3.98
2017-10-11 04:00:00,3.97
2017-10-12 04:00:00,3.96
2017-10-13 04:00:00,3.93
2017-10-16 04:00:00,3.94
2017-10-17 04:00:00,3.95
2017-10-18 04:00:00,3.96
2017-10-19 04:00:00,3.96
2017-10-20 04:00:00,3.98
2017-10-23 04:00:00,3.98
2017-10-24 04:00:00,4.02
2017-10-25 04:00:00,4.06
2017-10-26 04:00:00,4.09
2017-10-27 04:00:00,4.06
2017-10-30 04:00:00,4.02
2017-10-31 04:00:00,3.97
2017-11-01 04:00:00,3.99
2017-11-02 04:00:00,3.97
2017-11-03 04:00:00,3.96
2017-11-06 05:00:00,3.93
2017-11-07 05:00:00,3.93
2017-11-08 05:00:00,3.93
2017-11-09 05:00:00,3.96
2017-11-10 05:00:00,4.01
2017-11-13 05:00:00,4.02
2017-11-14 05:00:00,4.02
2017-11-15 05:00:00,3.96
2017-11-16 05:00:00,3.97
2017-11-17 05:00:00,3.97
2017-11-20 05:00:00,3.98
2017-11-21 05:00:00,3.98
2017-11-22 05:00:00,3.96
2017-11-24 05:00:00,3.96
2017-11-27 05:00:00,3.96
2017-11-28 05:00:00,3.95
2017-11-29 05:00:00,3.98
2017-11-30 05:00:00,4.03
2017-12-01 05:00:00,3.98
2017-12-04 05:00:00,4.0
2017-12-05 05:00:00,4.0
2017-12-06 05:00:00,3.96
2017-12-07 05:00:00,3.97
2017-12-08 05:00:00,3.97
2017-12-11 05:00:00,3.98
2017-12-12 05:00:00,4.0
2017-12-13 05:00:00,3.97
2017-12-14 05:00:00,3.97
2017-12-15 05:00:00,3.96
2017-12-18 05:00:00,3.97
2017-12-19 05:00:00,4.05
2017-12-20 05:00:00,4.09
2017-12-21 05:00:00,4.1
2017-12-22 05:00:00,4.09
2017-12-26 05:00:00,4.09
2017-12-27 05:00:00,4.04
2017-12-28 05:00:00,4.04
2017-12-29 05:00:00,4.04
2018-01-02 05:00:00,4.05
2018-01-03 05:00:00,4.05
2018-01-04 05:00:00,4.07
2018-01-05 05:00:00,4.06
2018-01-08 05:00:00,4.09
2018-01-09 05:00:00,4.14
2018-01-10 05:00:00,4.15
2018-01-11 05:00:00,4.14
2018-01-12 05:00:00,4.15
2018-01-16 05:00:00,4.14
2018-01-17 05:00:00,4.16
2018-01-18 05:00:00,4.22
2018-01-19 05:00:00,4.23
2018-01-22 05:00:00,4.27
2018-01-23 05:00:00,4.25
2018-01-24 05:00:00,4.27
2018-01-25 05:00:00,4.25
2018-01-26 05:00:00,4.28
2018-01-29 05:00:00,4.34
2018-01-30 05:00:00,4.35
2018-01-31 05:00:00,4.34
2018-02-01 05:00:00,4.39
2018-02-02 05:00:00,4.45
2018-02-05 05:00:00,4.38
2018-02-06 05:00:00,4.37
2018-02-07 05:00:00,4.45
2018-02-08 05:00:00,4.49
2018-02-09 05:00:00,4.5
2018-02-12 05:00:00,4.5
2018-02-13 05:00:00,4.49
2018-02-14 05:00:00,4.57
2018-02-15 05:00:00,4.57
2018-02-16 05:00:00,4.53
2018-02-20 05:00:00,4.54
2018-02-21 05:00:00,4.58
2018-02-22 05:00:00,4.57
2018-02-23 05:00:00,4.53
2018-02-26 05:00:00,4.52
2018-02-27 05:00:00,4.58
2018-02-28 05:00:00,4.56
2018-03-01 05:00:00,4.52
2018-03-02 05:00:00,4.55
2018-03-05 05:00:00,4.57
2018-03-06 05:00:00,4.58
2018-03-07 05:00:00,4.58
2018-03-08 05:00:00,4.58
2018-03-09 05:00:00,4.58
2018-03-12 04:00:00,4.57
2018-03-13 04:00:00,4.54
2018-03-14 04:00:00,4.52
2018-03-15 04:00:00,4.52
2018-03-16 04:00:00,4.53
2018-03-19 04:00:00,4.53
2018-03-20 04:00:00,4.57
2018-03-21 04:00:00,4.57
2018-03-22 04:00:00,4.54
2018-03-23 04:00:00,4.55
2018-03-26 04:00:00,4.56
2018-03-27 04:00:00,4.52
2018-03-28 04:00:00,4.51
2018-03-29 04:00:00,4.51
2018-04-02 04:00:00,4.49
2018-04-03 04:00:00,4.49
2018-04-04 04:00:00,4.48
2018-04-05 04:00:00,4.49
2018-04-06 04:00:00,4.48
2018-04-09 04:00:00,4.49
2018-04-10 04:00:00,4.49
2018-04-11 04:00:00,4.47
2018-04-12 04:00:00,4.49
2018-04-13 04:00:00,4.5
2018-04-16 04:00:00,4.5
2018-04-17 04:00:00,4.49
2018-04-18 04:00:00,4.5
2018-04-19 04:00:00,4.56
2018-04-20 04:00:00,4.58
2018-04-23 04:00:00,4.61
2018-04-24 04:00:00,4.64
2018-04-25 04:00:00,4.69
2018-04-26 04:00:00,4.64
2018-04-27 04:00:00,4.61
2018-05-01 04:00:00,4.63
2018-05-02 04:00:00,4.65
2018-05-03 04:00:00,4.62
2018-05-04 04:00:00,4.62
2018-05-07 04:00:00,4.61
2018-05-08 04:00:00,4.62
2018-05-09 04:00:00,4.68
2018-05-10 04:00:00,4.65
2018-05-11 04:00:00,4.65
2018-05-14 04:00:00,4.66
2018-05-15 04:00:00,4.75
2018-05-16 04:00:00,4.78
2018-05-17 04:00:00,4.79
2018-05-18 04:00:00,4.78
2018-05-21 04:00:00,4.78
2018-05-22 04:00:00,4.77
2018-05-23 04:00:00,4.7
2018-05-24 04:00:00,4.67
2018-05-25 04:00:00,4.61
2018-05-29 04:00:00,4.53
2018-05-30 04:00:00,4.55
2018-05-31 04:00:00,4.56
2018-06-01 04:00:00,4.6
2018-06-04 04:00:00,4.63
2018-06-05 04:00:00,4.63
2018-06-06 04:00:00,4.69
2018-06-07 04:00:00,4.68
2018-06-08 04:00:00,4.68
2018-06-11 04:00:00,4.7
2018-06-12 04:00:00,4.7
2018-06-13 04:00:00,4.73
2018-06-14 04:00:00,4.68
2018-06-15 04:00:00,4.65
2018-06-18 04:00:00,4.66
2018-06-19 04:00:00,4.65
2018-06-20 04:00:00,4.68
2018-06-21 04:00:00,4.69
2018-06-22 04:00:00,4.7
2018-06-25 04:00:00,4.7
2018-06-26 04:00:00,4.7
2018-06-27 04:00:00,4.66
2018-06-28 04:00:00,4.66
2018-06-29 04:00:00,4.66
2018-07-02 04:00:00,4.68
2018-07-03 04:00:00,4.68
2018-07-05 04:00:00,4.69
2018-07-06 04:00:00,4.65
2018-07-09 04:00:00,4.66
2018-07-10 04:00:00,4.66
2018-07-11 04:00:00,4.65
2018-07-12 04:00:00,4.65
2018-07-13 04:00:00,4.63
2018-07-16 04:00:00,4.64
2018-07-17 04:00:00,4.64
2018-07-18 04:00:00,4.64
2018-07-19 04:00:00,4.64
2018-07-20 04:00:00,4.63
2018-07-23 04:00:00,4.7
2018-07-24 04:00:00,4.72
2018-07-25 04:00:00,4.72
2018-07-26 04:00:00,4.72
2018-07-27 04:00:00,4.72
2018-07-30 04:00:00,4.73
2018-07-31 04:00:00,4.72
2018-08-01 04:00:00,4.73
2018-08-02 04:00:00,4.72
2018-08-03 04:00:00,4.72
2018-08-06 04:00:00,4.71
2018-08-07 04:00:00,4.71
2018-08-08 04:00:00,4.72
2018-08-09 04:00:00,4.7
2018-08-10 04:00:00,4.64
2018-08-13 04:00:00,4.64
2018-08-14 04:00:00,4.65
2018-08-15 04:00:00,4.64
2018-08-16 04:00:00,4.64
2018-08-17 04:00:00,4.64
2018-08-20 04:00:00,4.63
2018-08-21 04:00:00,4.63
2018-08-22 04:00:00,4.62
2018-08-23 04:00:00,4.62
2018-08-24 04:00:00,4.63
2018-08-27 04:00:00,4.63
2018-08-28 04:00:00,4.65
2018-08-29 04:00:00,4.66
2018-08-30 04:00:00,4.66
2018-08-31 04:00:00,4.65
2018-09-04 04:00:00,4.67
2018-09-05 04:00:00,4.7
2018-09-06 04:00:00,4.7
2018-09-07 04:00:00,4.71
2018-09-10 04:00:00,4.72
2018-09-11 04:00:00,4.72
2018-09-12 04:00:00,4.72
2018-09-13 04:00:00,4.71
2018-09-14 04:00:00,4.74
2018-09-17 04:00:00,4.78
2018-09-18 04:00:00,4.82
2018-09-19 04:00:00,4.86
2018-09-20 04:00:00,4.87
2018-09-21 04:00:00,4.85
2018-09-24 04:00:00,4.86
2018-09-25 04:00:00,4.87
2018-09-26 04:00:00,4.83
2018-09-27 04:00:00,4.8
2018-09-28 04:00:00,4.78
2018-10-01 04:00:00,4.81
2018-10-02 04:00:00,4.8
2018-10-03 04:00:00,4.9
2018-10-04 04:00:00,4.94
2018-10-05 04:00:00,5.02
2018-10-09 04:00:00,5.0
2018-10-10 04:00:00,5.0
2018-10-11 04:00:00,4.94
2018-10-12 04:00:00,4.94
2018-10-15 04:00:00,4.95
2018-10-16 04:00:00,4.96
2018-10-17 04:00:00,5.0
2018-10-18 04:00:00,4.97
2018-10-19 04:00:00,4.99
2018-10-22 04:00:00,5.0
2018-10-23 04:00:00,4.99
2018-10-24 04:00:00,4.99
2018-10-25 04:00:00,4.99
2018-10-26 04:00:00,4.94
2018-10-29 04:00:00,4.94
2018-10-30 04:00:00,4.96
2018-10-31 04:00:00,4.97
2018-11-01 04:00:00,4.99
2018-11-02 04:00:00,5.04
2018-11-05 05:00:00,5.05
2018-11-06 05:00:00,5.05
2018-11-07 05:00:00,5.04
2018-11-08 05:00:00,5.05
2018-11-09 05:00:00,5.05
2018-11-13 05:00:00,5.04
2018-11-14 05:00:00,5.03
2018-11-15 05:00:00,4.96
2018-11-16 05:00:00,4.94
2018-11-19 05:00:00,4.93
2018-11-20 05:00:00,4.93
2018-11-21 05:00:00,4.94
2018-11-23 05:00:00,4.94
2018-11-26 05:00:00,4.94
2018-11-27 05:00:00,4.94
2018-11-28 05:00:00,4.93
2018-11-29 05:00:00,4.84
2018-11-30 05:00:00,4.86
2018-12-03 05:00:00,4.85
2018-12-04 05:00:00,4.82
2018-12-06 05:00:00,4.73
2018-12-07 05:00:00,4.71
2018-12-10 05:00:00,4.7
2018-12-11 05:00:00,4.71
2018-12-12 05:00:00,4.76
2018-12-13 05:00:00,4.72
2018-12-14 05:00:00,4.72
2018-12-17 05:00:00,4.72
2018-12-18 05:00:00,4.69
2018-12-19 05:00:00,4.63
2018-12-20 05:00:00,4.64
2018-12-21 05:00:00,4.65
2018-12-24 05:00:00,4.65
2018-12-27 05:00:00,4.64
2018-12-28 05:00:00,4.63
2018-12-31 05:00:00,4.61
2019-01-02 05:00:00,4.55
2019-01-03 05:00:00,4.44
2019-01-04 05:00:00,4.54
2019-01-07 05:00:00,4.56
2019-01-08 05:00:00,4.59
2019-01-09 05:00:00,4.59
2019-01-10 05:00:00,4.59
2019-01-11 05:00:00,4.57
2019-01-14 05:00:00,4.57
2019-01-15 05:00:00,4.57
2019-01-16 05:00:00,4.59
2019-01-17 05:00:00,4.59
2019-01-18 05:00:00,4.6
2019-01-22 05:00:00,4.59
2019-01-23 05:00:00,4.63
2019-01-24 05:00:00,4.59
2019-01-25 05:00:00,4.61
2019-01-28 05:00:00,4.61
2019-01-29 05:00:00,4.58
2019-01-30 05:00:00,4.54
2019-01-31 05:00:00,4.43
2019-02-01 05:00:00,4.53
2019-02-04 05:00:00,4.56
2019-02-05 05:00:00,4.54
2019-02-06 05:00:00,4.48
2019-02-07 05:00:00,4.45
2019-02-08 05:00:00,4.44
2019-02-11 05:00:00,4.44
2019-02-12 05:00:00,4.45
2019-02-13 05:00:00,4.52
2019-02-14 05:00:00,4.46
2019-02-15 05:00:00,4.49
2019-02-19 05:00:00,4.47
2019-02-20 05:00:00,4.44
2019-02-21 05:00:00,4.46
2019-02-22 05:00:00,4.45
2019-02-25 05:00:00,4.46
2019-02-26 05:00:00,4.45
2019-02-27 05:00:00,4.47
2019-02-28 05:00:00,4.53
2019-03-01 05:00:00,4.57
2019-03-04 05:00:00,4.56
2019-03-05 05:00:00,4.53
2019-03-06 05:00:00,4.51
2019-03-07 05:00:00,4.48
2019-03-08 05:00:00,4.45
2019-03-11 04:00:00,4.45
2019-03-12 04:00:00,4.41
2019-03-13 04:00:00,4.4
2019-03-14 04:00:00,4.4
2019-03-15 04:00:00,4.4
2019-03-18 04:00:00,4.4
2019-03-19 04:00:00,4.4
2019-03-20 04:00:00,4.34
2019-03-21 04:00:00,4.29
2019-03-22 04:00:00,4.15
2019-03-25 04:00:00,4.11
2019-03-26 04:00:00,4.08
2019-03-27 04:00:00,4.03
2019-03-28 04:00:00,4.07
2019-03-29 04:00:00,4.11
2019-04-01 04:00:00,4.22
2019-04-02 04:00:00,4.21
2019-04-03 04:00:00,4.26
2019-04-04 04:00:00,4.3
2019-04-05 04:00:00,4.21
2019-04-08 04:00:00,4.21
2019-04-09 04:00:00,4.23
2019-04-10 04:00:00,4.19
2019-04-11 04:00:00,4.19
2019-04-12 04:00:00,4.25
2019-04-15 04:00:00,4.3
2019-04-16 04:00:00,4.34
2019-04-17 04:00:00,4.37
2019-04-18 04:00:00,4.34
2019-04-22 04:00:00,4.35
2019-04-23 04:00:00,4.36
2019-04-24 04:00:00,4.28
2019-04-25 04:00:00,4.29
2019-04-26 04:00:00,4.27
2019-04-29 04:00:00,4.28
2019-04-30 04:00:00,4.3
2019-05-01 04:00:00,4.29
2019-05-02 04:00:00,4.29
2019-05-03 04:00:00,4.29
2019-05-06 04:00:00,4.2
2019-05-07 04:00:00,4.2
2019-05-08 04:00:00,4.23
2019-05-09 04:00:00,4.2
2019-05-10 04:00:00,4.24
2019-05-13 04:00:00,4.18
2019-05-14 04:00:00,4.18
2019-05-15 04:00:00,4.12
2019-05-16 04:00:00,4.15
2019-05-17 04:00:00,4.15
2019-05-20 04:00:00,4.16
2019-05-21 04:00:00,4.23
2019-05-22 04:00:00,4.19
2019-05-23 04:00:00,4.1
2019-05-24 04:00:00,4.05
2019-05-28 04:00:00,4.04
2019-05-29 04:00:00,4.02
2019-05-30 04:00:00,4.01
2019-05-31 04:00:00,3.94
2019-06-03 04:00:00,3.89
2019-06-05 04:00:00,3.91
2019-06-06 04:00:00,3.91
2019-06-07 04:00:00,3.86
2019-06-10 04:00:00,3.93
2019-06-11 04:00:00,3.98
2019-06-12 04:00:00,3.95
2019-06-13 04:00:00,3.92
2019-06-14 04:00:00,3.92
2019-06-17 04:00:00,3.95
2019-06-18 04:00:00,3.88
2019-06-19 04:00:00,3.89
2019-06-20 04:00:00,3.79
2019-06-21 04:00:00,3.8
2019-06-24 04:00:00,3.8
2019-06-25 04:00:00,3.79
2019-06-26 04:00:00,3.85
2019-06-27 04:00:00,3.82
2019-06-28 04:00:00,3.81
2019-07-01 04:00:00,3.82
2019-07-02 04:00:00,3.8
2019-07-03 04:00:00,3.77
2019-07-05 04:00:00,3.81
2019-07-08 04:00:00,3.79
2019-07-09 04:00:00,3.81
2019-07-10 04:00:00,3.82
2019-07-11 04:00:00,3.82
2019-07-12 04:00:00,3.95
2019-07-15 04:00:00,3.95
2019-07-16 04:00:00,3.96
2019-07-17 04:00:00,3.91
2019-07-18 04:00:00,3.89
2019-07-19 04:00:00,3.88
2019-07-22 04:00:00,3.83
2019-07-23 04:00:00,3.83
2019-07-24 04:00:00,3.83
2019-07-25 04:00:00,3.88
2019-07-26 04:00:00,3.91
2019-07-29 04:00:00,3.87
2019-07-30 04:00:00,3.88
2019-07-31 04:00:00,3.85
2019-08-01 04:00:00,3.77
2019-08-02 04:00:00,3.7
2019-08-05 04:00:00,3.65
2019-08-06 04:00:00,3.61
2019-08-07 04:00:00,3.6
2019-08-08 04:00:00,3.74
2019-08-09 04:00:00,3.64
2019-08-12 04:00:00,3.64
2019-08-13 04:00:00,3.66
2019-08-14 04:00:00,3.65
2019-08-15 04:00:00,3.6
2019-08-16 04:00:00,3.58
2019-08-19 04:00:00,3.59
2019-08-20 04:00:00,3.58
2019-08-21 04:00:00,3.65
2019-08-22 04:00:00,3.65
2019-08-23 04:00:00,3.63
2019-08-26 04:00:00,3.63
2019-08-27 04:00:00,3.62
2019-08-28 04:00:00,3.59
2019-08-29 04:00:00,3.56
2019-08-30 04:00:00,3.55
2019-09-03 04:00:00,3.52
2019-09-04 04:00:00,3.46
2019-09-05 04:00:00,3.57
2019-09-06 04:00:00,3.55
2019-09-09 04:00:00,3.57
2019-09-10 04:00:00,3.7
2019-09-11 04:00:00,3.7
2019-09-13 04:00:00,3.82
2019-09-16 04:00:00,3.82
2019-09-17 04:00:00,3.82
2019-09-18 04:00:00,3.8
2019-09-19 04:00:00,3.77
2019-09-20 04:00:00,3.79
2019-09-23 04:00:00,3.72
2019-09-24 04:00:00,3.72
2019-09-25 04:00:00,3.75
2019-09-26 04:00:00,3.75
2019-09-30 04:00:00,3.72
2019-10-01 04:00:00,3.67
2019-10-02 04:00:00,3.64
2019-10-03 04:00:00,3.62
2019-10-04 04:00:00,3.62
2019-10-07 04:00:00,3.63
2019-10-08 04:00:00,3.61
2019-10-09 04:00:00,3.63
2019-10-10 04:00:00,3.7
2019-10-11 04:00:00,3.79
2019-10-15 04:00:00,3.8
2019-10-16 04:00:00,3.79
2019-10-17 04:00:00,3.79
2019-10-18 04:00:00,3.8
2019-10-21 04:00:00,3.84
2019-10-22 04:00:00,3.83
2019-10-23 04:00:00,3.82
2019-10-24 04:00:00,3.8
2019-10-25 04:00:00,3.81
2019-10-28 04:00:00,3.86
2019-10-29 04:00:00,3.85
2019-10-30 04:00:00,3.84
2019-10-31 04:00:00,3.71
2019-11-01 04:00:00,3.72
2019-11-04 05:00:00,3.73
2019-11-05 05:00:00,3.84
2019-11-06 05:00:00,3.79
2019-11-07 05:00:00,3.85
2019-11-08 05:00:00,3.86
2019-11-12 05:00:00,3.85
2019-11-13 05:00:00,3.82
2019-11-14 05:00:00,3.8
2019-11-15 05:00:00,3.78
2019-11-18 05:00:00,3.76
2019-11-19 05:00:00,3.76
2019-11-20 05:00:00,3.74
2019-11-21 05:00:00,3.73
2019-11-22 05:00:00,3.74
2019-11-25 05:00:00,3.77
2019-11-26 05:00:00,3.73
2019-11-27 05:00:00,3.76
2019-11-29 05:00:00,3.76
2019-12-02 05:00:00,3.79
2019-12-03 05:00:00,3.71
2019-12-04 05:00:00,3.74
2019-12-05 05:00:00,3.79
2019-12-06 05:00:00,3.81
2019-12-09 05:00:00,3.76
2019-12-10 05:00:00,3.79
2019-12-11 05:00:00,3.76
2019-12-12 05:00:00,3.81
2019-12-13 05:00:00,3.78
2019-12-16 05:00:00,3.8
2019-12-17 05:00:00,3.79
2019-12-18 05:00:00,3.81
2019-12-19 05:00:00,3.83
2019-12-23 05:00:00,3.83
2019-12-24 05:00:00,3.84
2019-12-26 05:00:00,3.82
2019-12-27 05:00:00,3.8
2019-12-30 05:00:00,3.81
2019-12-31 05:00:00,3.76
2020-01-02 05:00:00,3.74
2020-01-03 05:00:00,3.73
2020-01-06 05:00:00,3.69
2020-01-07 05:00:00,3.69
2020-01-08 05:00:00,3.71
2020-01-09 05:00:00,3.75
2020-01-10 05:00:00,3.71
2020-01-13 05:00:00,3.7
2020-01-14 05:00:00,3.69
2020-01-15 05:00:00,3.67
2020-01-16 05:00:00,3.68
2020-01-17 05:00:00,3.7
2020-01-21 05:00:00,3.67
2020-01-22 05:00:00,3.66
2020-01-23 05:00:00,3.63
2020-01-24 05:00:00,3.61
2020-01-27 05:00:00,3.55
2020-01-28 05:00:00,3.56
2020-01-29 05:00:00,3.54
2020-01-30 05:00:00,3.49
2020-01-31 05:00:00,3.47
2020-02-03 05:00:00,3.43
2020-02-04 05:00:00,3.49
2020-02-05 05:00:00,3.54
2020-02-06 05:00:00,3.53
2020-02-07 05:00:00,3.47
2020-02-10 05:00:00,3.46
2020-02-11 05:00:00,3.47
2020-02-12 05:00:00,3.51
2020-02-13 05:00:00,3.5
2020-02-14 05:00:00,3.5
2020-02-18 05:00:00,3.46
2020-02-19 05:00:00,3.49
2020-02-20 05:00:00,3.45
2020-02-21 05:00:00,3.42
2020-02-24 05:00:00,3.34
2020-02-25 05:00:00,3.33
2020-02-26 05:00:00,3.33
2020-02-27 05:00:00,3.29
2020-02-28 05:00:00,3.23
2020-03-02 05:00:00,3.13
2020-03-03 05:00:00,3.19
2020-03-04 05:00:00,3.16
2020-03-05 05:00:00,3.15
2020-03-06 05:00:00,3.19
2020-03-09 04:00:00,3.11
2020-03-10 04:00:00,3.25
2020-03-11 04:00:00,3.5
2020-03-12 04:00:00,3.625
2020-03-13 04:00:00,4.0
2020-03-16 04:00:00,3.625
2020-03-17 04:00:00,3.45
2020-03-18 04:00:00,4.125
2020-03-19 04:00:00,4.15
2020-03-20 04:00:00,3.625
2020-03-23 04:00:00,3.58
2020-03-24 04:00:00,3.5
2020-03-25 04:00:00,3.47
2020-03-26 04:00:00,3.62
2020-03-27 04:00:00,3.4
2020-03-30 04:00:00,3.37
2020-03-31 04:00:00,3.75
2020-04-01 04:00:00,3.88
2020-04-02 04:00:00,3.62
2020-04-03 04:00:00,3.52
2020-04-06 04:00:00,3.45
2020-04-07 04:00:00,3.42
2020-04-08 04:00:00,3.34
2020-04-09 04:00:00,3.25
2020-04-13 04:00:00,3.33
2020-04-14 04:00:00,3.44
2020-04-15 04:00:00,3.42
2020-04-16 04:00:00,3.38
2020-04-17 04:00:00,3.41
2020-04-20 04:00:00,3.44
2020-04-21 04:00:00,3.47
2020-04-22 04:00:00,3.43
2020-04-23 04:00:00,3.29
2020-04-24 04:00:00,3.25
2020-04-27 04:00:00,3.27
2020-04-28 04:00:00,3.23
2020-04-29 04:00:00,3.22
2020-04-30 04:00:00,3.19
2020-05-01 04:00:00,3.19
2020-05-04 04:00:00,3.22
2020-05-05 04:00:00,3.27
2020-05-06 04:00:00,3.27
2020-05-07 04:00:00,3.25
2020-05-08 04:00:00,3.2
2020-05-11 04:00:00,3.18
2020-05-12 04:00:00,3.25
2020-05-13 04:00:00,3.19
2020-05-14 04:00:00,3.13
2020-05-15 04:00:00,3.09
2020-05-18 04:00:00,3.12
2020-05-19 04:00:00,3.15
2020-05-21 04:00:00,3.03
2020-05-22 04:00:00,3.04
2020-05-26 04:00:00,3.08
2020-05-27 04:00:00,3.08
2020-05-28 04:00:00,3.1
2020-05-29 04:00:00,3.05
2020-06-01 04:00:00,3.07
2020-06-02 04:00:00,3.05
2020-06-03 04:00:00,3.1
2020-06-04 04:00:00,3.13
2020-06-05 04:00:00,3.24
2020-06-08 04:00:00,3.19
2020-06-09 04:00:00,3.09
2020-06-10 04:00:00,3.05
2020-06-11 04:00:00,2.94
2020-06-12 04:00:00,2.95
2020-06-15 04:00:00,2.96
2020-06-16 04:00:00,3.01
2020-06-17 04:00:00,3.01
2020-06-18 04:00:00,2.99
2020-06-19 04:00:00,3.01
2020-06-22 04:00:00,3.0
2020-06-23 04:00:00,3.01
2020-06-24 04:00:00,3.0
2020-06-25 04:00:00,2.99
2020-06-26 04:00:00,2.96
2020-06-29 04:00:00,2.95
2020-06-30 04:00:00,2.94
2020-07-01 04:00:00,2.94
2020-07-02 04:00:00,2.94
2020-07-06 04:00:00,2.94
2020-07-07 04:00:00,2.92
2020-07-08 04:00:00,2.92
2020-07-09 04:00:00,2.91
2020-07-10 04:00:00,2.88
2020-07-13 04:00:00,2.93
2020-07-14 04:00:00,2.92
2020-07-15 04:00:00,2.91
2020-07-16 04:00:00,2.89
2020-07-17 04:00:00,2.91
2020-07-20 04:00:00,2.91
2020-07-21 04:00:00,2.9
2020-07-22 04:00:00,2.88
2020-07-23 04:00:00,2.87
2020-07-24 04:00:00,2.89
2020-07-27 04:00:00,2.92
2020-07-28 04:00:00,2.92
2020-07-29 04:00:00,2.89
2020-07-30 04:00:00,2.88
2020-07-31 04:00:00,2.87
2020-08-03 04:00:00,2.86
2020-08-04 04:00:00,2.81
2020-08-05 04:00:00,2.83
2020-08-06 04:00:00,2.82
2020-08-07 04:00:00,2.82
2020-08-10 04:00:00,2.82
2020-08-11 04:00:00,2.85
2020-08-12 04:00:00,2.92
2020-08-13 04:00:00,3.04
2020-08-14 04:00:00,3.14
2020-08-17 04:00:00,3.12
2020-08-18 04:00:00,3.12
2020-08-19 04:00:00,3.14
2020-08-20 04:00:00,3.06
2020-08-21 04:00:00,3.07
2020-08-24 04:00:00,3.07
2020-08-25 04:00:00,3.09
2020-08-26 04:00:00,2.94
2020-08-27 04:00:00,2.95
2020-08-28 04:00:00,2.93
2020-08-31 04:00:00,2.88
2020-09-01 04:00:00,2.86
2020-09-02 04:00:00,2.84
2020-09-03 04:00:00,2.85
2020-09-04 04:00:00,2.86
2020-09-08 04:00:00,2.88
2020-09-09 04:00:00,2.88
2020-09-10 04:00:00,2.89
2020-09-11 04:00:00,2.87
2020-09-14 04:00:00,2.88
2020-09-15 04:00:00,3.03
2020-09-16 04:00:00,3.04
2020-09-17 04:00:00,3.02
2020-09-18 04:00:00,3.04
2020-09-22 04:00:00,3.05
2020-09-23 04:00:00,3.04
2020-09-24 04:00:00,3.02
2020-09-25 04:00:00,3.0
2020-09-28 04:00:00,2.99
2020-09-29 04:00:00,2.98
2020-09-30 04:00:00,2.98
2020-10-01 04:00:00,3.04
2020-10-02 04:00:00,2.99
2020-10-05 04:00:00,3.04
2020-10-06 04:00:00,3.03
2020-10-07 04:00:00,3.02
2020-10-08 04:00:00,3.01
2020-10-09 04:00:00,3.04
2020-10-13 04:00:00,3.02
2020-10-14 04:00:00,3.02
2020-10-15 04:00:00,3.0
2020-10-16 04:00:00,3.01
2020-10-19 04:00:00,3.01
2020-10-20 04:00:00,3.02
2020-10-21 04:00:00,3.04
2020-10-22 04:00:00,3.03
2020-10-23 04:00:00,3.04
2020-10-26 04:00:00,3.01
2020-10-27 04:00:00,3.0
2020-10-28 04:00:00,2.98
2020-10-29 04:00:00,2.99
2020-10-30 04:00:00,3.0
2020-11-02 05:00:00,2.99
2020-11-03 05:00:00,3.02
2020-11-04 05:00:00,2.96
2020-11-05 05:00:00,2.88
2020-11-06 05:00:00,2.89
2020-11-09 05:00:00,2.97
2020-11-10 05:00:00,3.01
2020-11-12 05:00:00,2.98
2020-11-13 05:00:00,2.94
2020-11-16 05:00:00,2.92
2020-11-17 05:00:00,2.9
2020-11-18 05:00:00,2.86
2020-11-19 05:00:00,2.87
2020-11-20 05:00:00,2.85
2020-11-23 05:00:00,2.87
2020-11-24 05:00:00,2.85
2020-11-25 05:00:00,2.84
2020-11-30 05:00:00,2.83
2020-12-01 05:00:00,2.82
2020-12-02 05:00:00,2.83
2020-12-03 05:00:00,2.82
2020-12-04 05:00:00,2.83
2020-12-07 05:00:00,2.82
2020-12-08 05:00:00,2.8
2020-12-09 05:00:00,2.81
2020-12-10 05:00:00,2.8
2020-12-11 05:00:00,2.79
2020-12-14 05:00:00,2.8
2020-12-15 05:00:00,2.79
2020-12-16 05:00:00,2.8
2020-12-17 05:00:00,2.79
2020-12-18 05:00:00,2.77
2020-12-21 05:00:00,2.78
2020-12-22 05:00:00,2.8
2020-12-23 05:00:00,2.79
2020-12-24 05:00:00,2.78
2020-12-28 05:00:00,2.79
2020-12-29 05:00:00,2.78
2020-12-30 05:00:00,2.77
2020-12-31 05:00:00,2.77
2021-01-04 05:00:00,2.76
2021-01-05 05:00:00,2.78
2021-01-06 05:00:00,2.85
2021-01-07 05:00:00,2.86
2021-01-08 05:00:00,2.88
2021-01-11 05:00:00,2.88
2021-01-12 05:00:00,2.93
2021-01-13 05:00:00,2.9
2021-01-14 05:00:00,2.88
2021-01-15 05:00:00,2.87
2021-01-19 05:00:00,2.87
2021-01-20 05:00:00,2.85
2021-01-21 05:00:00,2.89
2021-01-22 05:00:00,2.8
2021-01-25 05:00:00,2.78
2021-01-26 05:00:00,2.8
2021-01-27 05:00:00,2.75
2021-01-28 05:00:00,2.76
2021-01-29 05:00:00,2.8
2021-02-01 05:00:00,2.79
2021-02-02 05:00:00,2.81
2021-02-03 05:00:00,2.82
2021-02-04 05:00:00,2.84
2021-02-05 05:00:00,2.85
2021-02-08 05:00:00,2.85
2021-02-09 05:00:00,2.83
2021-02-10 05:00:00,2.8
2021-02-11 05:00:00,2.83
2021-02-12 05:00:00,2.86
2021-02-16 05:00:00,2.96
2021-02-17 05:00:00,3.03
2021-02-18 05:00:00,3.01
2021-02-19 05:00:00,3.04
2021-02-22 05:00:00,3.06
2021-02-23 05:00:00,3.12
2021-02-24 05:00:00,3.14
2021-02-25 05:00:00,3.27
2021-02-26 05:00:00,3.29
2021-03-01 05:00:00,3.22
2021-03-02 05:00:00,3.19
2021-03-03 05:00:00,3.15
2021-03-04 05:00:00,3.17
2021-03-05 05:00:00,3.29
2021-03-08 05:00:00,3.29
2021-03-09 05:00:00,3.26
2021-03-10 05:00:00,3.29
2021-03-11 05:00:00,3.27
2021-03-12 05:00:00,3.32
2021-03-15 04:00:00,3.33
2021-03-16 04:00:00,3.38
2021-03-17 04:00:00,3.4
2021-03-18 04:00:00,3.45
2021-03-19 04:00:00,3.45
2021-03-22 04:00:00,3.43
2021-03-23 04:00:00,3.36
2021-03-24 04:00:00,3.33
2021-03-25 04:00:00,3.31
2021-03-26 04:00:00,3.36
2021-03-29 04:00:00,3.37
2021-03-30 04:00:00,3.45
2021-03-31 04:00:00,3.42
2021-04-01 04:00:00,3.39
2021-04-02 04:00:00,3.39
2021-04-05 04:00:00,3.38
2021-04-06 04:00:00,3.34
2021-04-07 04:00:00,3.32
2021-04-08 04:00:00,3.3
2021-04-09 04:00:00,3.29
2021-04-12 04:00:00,3.28
2021-04-13 04:00:00,3.25
2021-04-14 04:00:00,3.22
2021-04-15 04:00:00,3.2
2021-04-16 04:00:00,3.18
2021-04-19 04:00:00,3.2
2021-04-20 04:00:00,3.17
2021-04-21 04:00:00,3.16
2021-04-22 04:00:00,3.14
2021-04-23 04:00:00,3.12
2021-04-26 04:00:00,3.13
2021-04-27 04:00:00,3.14
2021-04-28 04:00:00,3.14
2021-04-29 04:00:00,3.13
2021-04-30 04:00:00,3.12
2021-05-03 04:00:00,3.1
2021-05-04 04:00:00,3.1
2021-05-05 04:00:00,3.11
2021-05-06 04:00:00,3.09
2021-05-07 04:00:00,3.02
2021-05-10 04:00:00,3.03
2021-05-11 04:00:00,3.09
2021-05-12 04:00:00,3.13
2021-05-13 04:00:00,3.16
2021-05-14 04:00:00,3.14
2021-05-17 04:00:00,3.14
2021-05-18 04:00:00,3.15
2021-05-19 04:00:00,3.18
2021-05-20 04:00:00,3.16
2021-05-24 04:00:00,3.14
2021-05-25 04:00:00,3.09
2021-05-26 04:00:00,3.07
2021-05-27 04:00:00,3.11
2021-05-28 04:00:00,3.12
2021-06-01 04:00:00,3.13
2021-06-02 04:00:00,3.11
2021-06-03 04:00:00,3.13
2021-06-04 04:00:00,3.13
2021-06-07 04:00:00,3.13
2021-06-08 04:00:00,3.1
2021-06-09 04:00:00,3.08
2021-06-10 04:00:00,3.08
2021-06-11 04:00:00,3.03
2021-06-14 04:00:00,3.05
2021-06-15 04:00:00,3.12
2021-06-16 04:00:00,3.18
2021-06-17 04:00:00,3.25
2021-06-18 04:00:00,3.26
2021-06-21 04:00:00,3.25
2021-06-22 04:00:00,3.26
2021-06-23 04:00:00,3.21
2021-06-24 04:00:00,3.2
2021-06-28 04:00:00,3.2
2021-06-29 04:00:00,3.19
2021-06-30 04:00:00,3.17
2021-07-01 04:00:00,3.18
2021-07-02 04:00:00,3.16
2021-07-06 04:00:00,3.13
2021-07-07 04:00:00,3.07
2021-07-08 04:00:00,3.03
2021-07-09 04:00:00,3.04
2021-07-12 04:00:00,3.09
2021-07-13 04:00:00,3.11
2021-07-14 04:00:00,3.09
2021-07-15 04:00:00,3.04
2021-07-16 04:00:00,2.97
2021-07-19 04:00:00,2.89
2021-07-20 04:00:00,2.87
2021-07-21 04:00:00,2.9
2021-07-22 04:00:00,2.88
2021-07-23 04:00:00,2.87
2021-07-26 04:00:00,2.86
2021-07-28 04:00:00,2.87
2021-07-29 04:00:00,2.86
2021-07-30 04:00:00,2.84
2021-08-02 04:00:00,2.8
2021-08-03 04:00:00,2.78
2021-08-04 04:00:00,2.81
2021-08-05 04:00:00,2.85
2021-08-06 04:00:00,2.9
2021-08-09 04:00:00,2.94
2021-08-10 04:00:00,2.99
2021-08-11 04:00:00,2.97
2021-08-12 04:00:00,2.96
2021-08-13 04:00:00,2.95
2021-08-16 04:00:00,2.93
2021-08-17 04:00:00,2.93
2021-08-18 04:00:00,2.96
2021-08-19 04:00:00,2.93
2021-08-20 04:00:00,2.93
2021-08-23 04:00:00,2.94
2021-08-24 04:00:00,2.93
2021-08-25 04:00:00,2.98
2021-08-26 04:00:00,2.98
2021-08-27 04:00:00,2.93
2021-08-30 04:00:00,2.91
2021-08-31 04:00:00,2.91
2021-09-01 04:00:00,2.92
2021-09-02 04:00:00,2.93
2021-09-03 04:00:00,2.95
2021-09-07 04:00:00,2.97
2021-09-08 04:00:00,2.96
2021-09-09 04:00:00,2.95
2021-09-10 04:00:00,2.94
2021-09-13 04:00:00,2.94
2021-09-14 04:00:00,2.93
2021-09-15 04:00:00,2.93
2021-09-16 04:00:00,2.96
2021-09-17 04:00:00,3.03
2021-09-20 04:00:00,3.0
2021-09-21 04:00:00,3.0
2021-09-22 04:00:00,3.01
2021-09-23 04:00:00,3.1
2021-09-24 04:00:00,3.13
2021-09-27 04:00:00,3.14
2021-09-28 04:00:00,3.16
2021-09-29 04:00:00,3.15
2021-10-01 04:00:00,3.1
2021-10-04 04:00:00,3.09
2021-10-05 04:00:00,3.13
2021-10-06 04:00:00,3.13
2021-10-07 04:00:00,3.15
2021-10-08 04:00:00,3.17
2021-10-12 04:00:00,3.2
2021-10-13 04:00:00,3.18
2021-10-14 04:00:00,3.14
2021-10-15 04:00:00,3.16
2021-10-18 04:00:00,3.21
2021-10-19 04:00:00,3.19
2021-10-20 04:00:00,3.19
2021-10-21 04:00:00,3.23
2021-10-22 04:00:00,3.27
2021-10-25 04:00:00,3.27
2021-10-26 04:00:00,3.25
2021-10-27 04:00:00,3.18
2021-10-28 04:00:00,3.22
2021-10-29 04:00:00,3.22
2021-11-01 04:00:00,3.18
2021-11-02 04:00:00,3.14
2021-11-03 04:00:00,3.17
2021-11-04 04:00:00,3.12
2021-11-05 04:00:00,3.09
2021-11-08 05:00:00,3.07
2021-11-09 05:00:00,3.08
2021-11-10 05:00:00,3.19
2021-11-12 05:00:00,3.23
2021-11-15 05:00:00,3.23
2021-11-16 05:00:00,3.27
2021-11-17 05:00:00,3.25
2021-11-18 05:00:00,3.24
2021-11-19 05:00:00,3.16
2021-11-22 05:00:00,3.24
2021-11-23 05:00:00,3.28
2021-11-24 05:00:00,3.29
2021-11-26 05:00:00,3.24
2021-11-29 05:00:00,3.21
2021-11-30 05:00:00,3.14
2021-12-01 05:00:00,3.18
2021-12-02 05:00:00,3.21
2021-12-03 05:00:00,3.2
2021-12-06 05:00:00,3.22
2021-12-07 05:00:00,3.25
2021-12-08 05:00:00,3.25
2021-12-09 05:00:00,3.21
2021-12-10 05:00:00,3.2
2021-12-13 05:00:00,3.17
2021-12-14 05:00:00,3.16
2021-12-15 05:00:00,3.18
2021-12-16 05:00:00,3.16
2021-12-20 05:00:00,3.17
2021-12-21 05:00:00,3.22
2021-12-22 05:00:00,3.25
2021-12-27 05:00:00,3.27
2021-12-28 05:00:00,3.24
2021-12-29 05:00:00,3.26
2021-12-30 05:00:00,3.27
2021-12-31 05:00:00,3.27
2022-01-03 05:00:00,3.29
2022-01-04 05:00:00,3.35
2022-01-05 05:00:00,3.34
2022-01-06 05:00:00,3.47
2022-01-07 05:00:00,3.5
2022-01-10 05:00:00,3.64
2022-01-11 05:00:00,3.59
2022-01-12 05:00:00,3.52
2022-01-13 05:00:00,3.57
2022-01-14 05:00:00,3.65
2022-01-18 05:00:00,3.7
2022-01-19 05:00:00,3.7
2022-01-20 05:00:00,3.69
2022-01-21 05:00:00,3.67
2022-01-24 05:00:00,3.67
2022-01-25 05:00:00,3.66
2022-01-26 05:00:00,3.74
2022-01-27 05:00:00,3.71
2022-01-28 05:00:00,3.69
2022-01-31 05:00:00,3.68
2022-02-02 05:00:00,3.66
2022-02-03 05:00:00,3.73
2022-02-04 05:00:00,3.85
2022-02-07 05:00:00,3.87
2022-02-08 05:00:00,3.89
2022-02-09 05:00:00,3.9
2022-02-10 05:00:00,4.02
2022-02-11 05:00:00,4.05
2022-02-14 05:00:00,4.1
2022-02-15 05:00:00,4.12
2022-02-16 05:00:00,4.1
2022-02-17 05:00:00,4.09
2022-02-18 05:00:00,4.08
2022-02-22 05:00:00,4.12
2022-02-23 05:00:00,4.19
2022-02-24 05:00:00,4.17
2022-02-25 05:00:00,4.18
2022-03-01 05:00:00,3.9
2022-03-02 05:00:00,4.08
2022-03-03 05:00:00,4.09
2022-03-04 05:00:00,3.96
2022-03-07 05:00:00,4.09
2022-03-08 05:00:00,4.22
2022-03-09 05:00:00,4.24
2022-03-10 05:00:00,4.28
2022-03-11 05:00:00,4.29
2022-03-14 04:00:00,4.41
2022-03-15 04:00:00,4.42
2022-03-16 04:00:00,4.48
2022-03-17 04:00:00,4.5
2022-03-18 04:00:00,4.46
2022-03-21 04:00:00,4.66
2022-03-22 04:00:00,4.72
2022-03-23 04:00:00,4.68
2022-03-24 04:00:00,4.71
2022-03-25 04:00:00,4.95
2022-03-28 04:00:00,4.95
2022-03-29 04:00:00,4.88
2022-03-30 04:00:00,4.79
2022-03-31 04:00:00,4.78
2022-04-01 04:00:00,4.88
2022-04-04 04:00:00,4.84
2022-04-05 04:00:00,5.02
2022-04-06 04:00:00,5.08
2022-04-07 04:00:00,4.97
2022-04-08 04:00:00,5.06
2022-04-11 04:00:00,5.25
2022-04-12 04:00:00,5.12
2022-04-13 04:00:00,4.99
2022-04-14 04:00:00,5.15
2022-04-18 04:00:00,5.25
2022-04-19 04:00:00,5.35
2022-04-20 04:00:00,5.27
2022-04-21 04:00:00,5.38
2022-04-22 04:00:00,5.39
2022-04-25 04:00:00,5.32
2022-04-26 04:00:00,5.28
2022-04-27 04:00:00,5.3
2022-04-28 04:00:00,5.4
2022-04-29 04:00:00,5.41
2022-05-02 04:00:00,5.55
2022-05-03 04:00:00,5.54
2022-05-04 04:00:00,5.5
2022-05-05 04:00:00,5.62
2022-05-06 04:00:00,5.64
2022-05-09 04:00:00,5.52
2022-05-10 04:00:00,5.4
2022-05-11 04:00:00,5.41
2022-05-12 04:00:00,5.35
2022-05-13 04:00:00,5.38
2022-05-16 04:00:00,5.37
2022-05-17 04:00:00,5.45
2022-05-18 04:00:00,5.44
2022-05-19 04:00:00,5.36
2022-05-20 04:00:00,5.35
2022-05-23 04:00:00,5.36
2022-05-24 04:00:00,5.29
2022-05-25 04:00:00,5.27
2022-05-26 04:00:00,5.25
2022-05-27 04:00:00,5.25
2022-05-31 04:00:00,5.36
2022-06-01 04:00:00,5.47
2022-06-02 04:00:00,5.43
2022-06-03 04:00:00,5.44
2022-06-06 04:00:00,5.5
2022-06-07 04:00:00,5.48
2022-06-08 04:00:00,5.49
2022-06-09 04:00:00,5.55
2022-06-10 04:00:00,5.85
2022-06-13 04:00:00,6.18
2022-06-14 04:00:00,6.28
2022-06-15 04:00:00,6.03
2022-06-16 04:00:00,6.05
2022-06-17 04:00:00,6.03
2022-06-21 04:00:00,6.07
2022-06-22 04:00:00,5.88
2022-06-23 04:00:00,5.75
2022-06-24 04:00:00,5.85
2022-06-27 04:00:00,5.88
2022-06-28 04:00:00,5.95
2022-06-29 04:00:00,5.9
2022-06-30 04:00:00,5.7
2022-07-01 04:00:00,5.5
2022-07-05 04:00:00,5.5
2022-07-06 04:00:00,5.65
2022-07-07 04:00:00,5.73
2022-07-08 04:00:00,5.84
2022-07-11 04:00:00,5.77
2022-07-12 04:00:00,5.71
2022-07-13 04:00:00,5.72
2022-07-14 04:00:00,5.77
2022-07-15 04:00:00,5.72
2022-07-18 04:00:00,5.73
2022-07-19 04:00:00,5.72
2022-07-20 04:00:00,5.71
2022-07-21 04:00:00,5.69
2022-07-22 04:00:00,5.5
2022-07-25 04:00:00,5.54
2022-07-26 04:00:00,5.55
2022-07-27 04:00:00,5.54
2022-07-28 04:00:00,5.22
2022-07-29 04:00:00,5.13
2022-08-01 04:00:00,5.05
2022-08-02 04:00:00,5.3
2022-08-03 04:00:00,5.5
2022-08-04 04:00:00,5.09
2022-08-05 04:00:00,5.45
2022-08-08 04:00:00,5.35
2022-08-09 04:00:00,5.35
2022-08-10 04:00:00,5.18
2022-08-11 04:00:00,5.27
2022-08-12 04:00:00,5.33
2022-08-15 04:00:00,5.25
2022-08-16 04:00:00,5.29
2022-08-17 04:00:00,5.48
2022-08-18 04:00:00,5.48
2022-08-19 04:00:00,5.6
2022-08-22 04:00:00,5.72
2022-08-23 04:00:00,5.73
2022-08-24 04:00:00,5.84
2022-08-25 04:00:00,5.81
2022-08-26 04:00:00,5.73
2022-08-29 04:00:00,5.95
2022-08-30 04:00:00,5.95
2022-08-31 04:00:00,5.99
2022-09-01 04:00:00,6.23
2022-09-02 04:00:00,6.02
2022-09-06 04:00:00,6.25
2022-09-07 04:00:00,6.12
2022-09-08 04:00:00,6.01
2022-09-09 04:00:00,5.97
2022-09-12 04:00:00,5.98
2022-09-13 04:00:00,6.28
2022-09-14 04:00:00,6.3
2022-09-15 04:00:00,6.33
2022-09-16 04:00:00,6.35
2022-09-19 04:00:00,6.42
2022-09-20 04:00:00,6.47
2022-09-21 04:00:00,6.36
2022-09-22 04:00:00,6.62
2022-09-23 04:00:00,6.7
2022-09-26 04:00:00,6.87
2022-09-27 04:00:00,7.08
2022-09-28 04:00:00,6.65
2022-09-29 04:00:00,6.82
2022-09-30 04:00:00,6.69
2022-10-03 04:00:00,6.69
2022-10-04 04:00:00,6.65
2022-10-05 04:00:00,6.95
2022-10-06 04:00:00,7.04
2022-10-07 04:00:00,7.12
2022-10-11 04:00:00,7.14
2022-10-12 04:00:00,7.05
2022-10-13 04:00:00,7.1
2022-10-14 04:00:00,7.16
2022-10-17 04:00:00,7.12
2022-10-18 04:00:00,7.15
2022-10-19 04:00:00,7.22
2022-10-20 04:00:00,7.37
2022-10-21 04:00:00,7.32
2022-10-24 04:00:00,7.29
2022-10-25 04:00:00,7.15
2022-10-26 04:00:00,7.07
2022-10-27 04:00:00,7.04
2022-10-28 04:00:00,7.08
2022-10-31 04:00:00,7.13
2022-11-01 04:00:00,7.09
2022-11-02 04:00:00,7.2
2022-11-03 04:00:00,7.3
2022-11-04 04:00:00,7.29
2022-11-07 05:00:00,7.25
2022-11-08 05:00:00,7.21
2022-11-09 05:00:00,7.22
2022-11-10 05:00:00,6.62
2022-11-14 05:00:00,6.65
2022-11-15 05:00:00,6.61
2022-11-16 05:00:00,6.64
2022-11-17 05:00:00,6.65
2022-11-18 05:00:00,6.63
2022-11-21 05:00:00,6.64
2022-11-22 05:00:00,6.65
2022-11-23 05:00:00,6.64
2022-11-28 05:00:00,6.62
2022-11-29 05:00:00,6.65
2022-11-30 05:00:00,6.63
2022-12-01 05:00:00,6.29
2022-12-02 05:00:00,6.34
2022-12-05 05:00:00,6.33
2022-12-06 05:00:00,6.37
2022-12-07 05:00:00,6.29
2022-12-08 05:00:00,6.32
2022-12-09 05:00:00,6.38
2022-12-12 05:00:00,6.39
2022-12-13 05:00:00,6.28
2022-12-14 05:00:00,6.27
2022-12-15 05:00:00,6.13
2022-12-16 05:00:00,6.17
2022-12-19 05:00:00,6.27
2022-12-20 05:00:00,6.38
2022-12-21 05:00:00,6.28
2022-12-22 05:00:00,6.32
2022-12-27 05:00:00,6.5
2022-12-28 05:00:00,6.54
2022-12-29 05:00:00,6.5
2022-12-30 05:00:00,6.54
2023-01-03 05:00:00,6.45
2023-01-04 05:00:00,6.41
2023-01-05 05:00:00,6.5
2023-01-06 05:00:00,6.2
2023-01-09 05:00:00,6.14
2023-01-10 05:00:00,6.21
2023-01-11 05:00:00,6.15
2023-01-12 05:00:00,6.07
2023-01-13 05:00:00,6.09
2023-01-17 05:00:00,6.17
2023-01-18 05:00:00,6.04
2023-01-19 05:00:00,6.11
2023-01-20 05:00:00,6.15
2023-01-23 05:00:00,6.2
2023-01-24 05:00:00,6.21
2023-01-25 05:00:00,6.18
2023-01-26 05:00:00,6.18
2023-01-27 05:00:00,6.2
2023-01-30 05:00:00,6.21
2023-01-31 05:00:00,6.17
2023-02-01 05:00:00,6.04
2023-02-02 05:00:00,5.99
2023-02-03 05:00:00,6.19
2023-02-06 05:00:00,6.39
2023-02-07 05:00:00,6.45
2023-02-08 05:00:00,6.42
2023-02-09 05:00:00,6.45
2023-02-10 05:00:00,6.5
2023-02-13 05:00:00,6.54
2023-02-14 05:00:00,6.62
2023-02-15 05:00:00,6.75
2023-02-16 05:00:00,6.78
2023-02-17 05:00:00,6.8
2023-02-21 05:00:00,6.87
2023-02-22 05:00:00,6.88
2023-02-23 05:00:00,6.82
2023-02-24 05:00:00,6.88
2023-02-27 05:00:00,6.78
2023-02-28 05:00:00,6.85
2023-03-01 05:00:00,6.94
2023-03-02 05:00:00,7.1
2023-03-03 05:00:00,6.97
2023-03-06 05:00:00,6.99
2023-03-07 05:00:00,7.03
2023-03-08 05:00:00,7.05
2023-03-09 05:00:00,7.0
2023-03-10 05:00:00,6.76
2023-03-13 04:00:00,6.57
2023-03-14 04:00:00,6.75
2023-03-15 04:00:00,6.55
2023-03-16 04:00:00,6.69
2023-03-17 04:00:00,6.55
2023-03-20 04:00:00,6.67
2023-03-21 04:00:00,6.75
2023-03-22 04:00:00,6.45
2023-03-23 04:00:00,6.44
2023-03-24 04:00:00,6.38
2023-03-27 04:00:00,6.54
2023-03-28 04:00:00,6.6
2023-03-29 04:00:00,6.61
2023-03-30 04:00:00,6.59
2023-03-31 04:00:00,6.57
2023-04-03 04:00:00,6.44
2023-04-04 04:00:00,6.37
2023-04-05 04:00:00,6.16
2023-04-06 04:00:00,6.18
2023-04-07 04:00:00,6.34
2023-04-10 04:00:00,6.5
2023-04-11 04:00:00,6.52
2023-04-12 04:00:00,6.42
2023-04-13 04:00:00,6.39
2023-04-14 04:00:00,6.5
2023-04-17 04:00:00,6.61
2023-04-18 04:00:00,6.7
2023-04-19 04:00:00,6.75
2023-04-20 04:00:00,6.67
2023-04-21 04:00:00,6.66
2023-04-24 04:00:00,6.59
2023-04-25 04:00:00,6.5
2023-04-26 04:00:00,6.57
2023-04-27 04:00:00,6.67
2023-04-28 04:00:00,6.59
2023-05-01 04:00:00,6.73
2023-05-02 04:00:00,6.58
2023-05-03 04:00:00,6.49
2023-05-04 04:00:00,6.45
2023-05-05 04:00:00,6.5
2023-05-08 04:00:00,6.65
2023-05-09 04:00:00,6.68
2023-05-10 04:00:00,6.57
2023-05-11 04:00:00,6.49
2023-05-12 04:00:00,6.55
2023-05-15 04:00:00,6.67
2023-05-16 04:00:00,6.69
2023-05-17 04:00:00,6.7
2023-05-18 04:00:00,6.82
2023-05-19 04:00:00,6.9
2023-05-22 04:00:00,6.95
2023-05-23 04:00:00,7.01
2023-05-24 04:00:00,7.03
2023-05-25 04:00:00,7.12
2023-05-26 04:00:00,7.14
2023-05-30 04:00:00,6.95
2023-05-31 04:00:00,6.88
2023-06-01 04:00:00,6.85
2023-06-02 04:00:00,6.9
2023-06-05 04:00:00,6.89
2023-06-06 04:00:00,6.89
2023-06-07 04:00:00,6.94
2023-06-08 04:00:00,6.9
2023-06-09 04:00:00,6.92
2023-06-12 04:00:00,6.94
2023-06-13 04:00:00,6.98
2023-06-14 04:00:00,6.97
2023-06-15 04:00:00,6.94
2023-06-16 04:00:00,6.95
2023-06-20 04:00:00,6.87
2023-06-21 04:00:00,6.9
2023-06-22 04:00:00,6.95
2023-06-23 04:00:00,6.92
2023-06-26 04:00:00,6.91
2023-06-27 04:00:00,6.92
2023-06-28 04:00:00,6.91
2023-06-29 04:00:00,7.04
2023-06-30 04:00:00,7.02
2023-07-03 04:00:00,7.03
2023-07-05 04:00:00,7.08
2023-07-06 04:00:00,7.22
2023-07-07 04:00:00,7.14
2023-07-10 04:00:00,7.12
2023-07-11 04:00:00,7.09
2023-07-12 04:00:00,6.96
2023-07-13 04:00:00,6.87
2023-07-14 04:00:00,6.89
2023-07-17 04:00:00,6.9
2023-07-18 04:00:00,6.88
2023-07-19 04:00:00,6.9
2023-07-20 04:00:00,7.0
2023-07-21 04:00:00,6.98
2023-07-24 04:00:00,6.99
2023-07-25 04:00:00,7.04
2023-07-26 04:00:00,6.95
2023-07-27 04:00:00,7.12
2023-07-28 04:00:00,7.05
2023-07-31 04:00:00,7.04
2023-08-01 04:00:00,7.1
2023-08-02 04:00:00,7.13
2023-08-03 04:00:00,7.2
2023-08-04 04:00:00,7.03
2023-08-07 04:00:00,7.06
2023-08-08 04:00:00,7.04
2023-08-09 04:00:00,7.05
2023-08-10 04:00:00,7.14
2023-08-11 04:00:00,7.19
2023-08-14 04:00:00,7.24
2023-08-15 04:00:00,7.26
2023-08-16 04:00:00,7.34
2023-08-17 04:00:00,7.37
2023-08-18 04:00:00,7.37
2023-08-21 04:00:00,7.48
2023-08-22 04:00:00,7.49
2023-08-23 04:00:00,7.36
2023-08-24 04:00:00,7.37
2023-08-25 04:00:00,7.39
2023-08-28 04:00:00,7.29
2023-08-29 04:00:00,7.12
2023-08-30 04:00:00,7.06
2023-08-31 04:00:00,7.07
2023-09-01 04:00:00,7.08
2023-09-05 04:00:00,7.21
2023-09-06 04:00:00,7.33
2023-09-07 04:00:00,7.29
2023-09-08 04:00:00,7.22
2023-09-11 04:00:00,7.3
2023-09-12 04:00:00,7.25
2023-09-13 04:00:00,7.22
2023-09-14 04:00:00,7.24
2023-09-15 04:00:00,7.29
2023-09-18 04:00:00,7.28
2023-09-19 04:00:00,7.3
2023-09-20 04:00:00,7.33
2023-09-21 04:00:00,7.47
2023-09-22 04:00:00,7.39
2023-09-25 04:00:00,7.51
2023-09-26 04:00:00,7.5
2023-09-27 04:00:00,7.65
2023-09-28 04:00:00,7.6
2023-09-29 04:00:00,7.44
2023-10-02 04:00:00,7.61
2023-10-03 04:00:00,7.72
2023-10-04 04:00:00,7.7
2023-10-05 04:00:00,7.69
2023-10-06 04:00:00,7.81
2023-10-10 04:00:00,7.62
2023-10-11 04:00:00,7.6
2023-10-12 04:00:00,7.69
2023-10-13 04:00:00,7.66
2023-10-16 04:00:00,7.8
2023-10-17 04:00:00,7.92
2023-10-18 04:00:00,8.0
2023-10-19 04:00:00,8.03
2023-10-20 04:00:00,7.97
2023-10-23 04:00:00,7.91
2023-10-24 04:00:00,7.9
2023-10-25 04:00:00,7.98
2023-10-26 04:00:00,7.87
2023-10-27 04:00:00,7.88
2023-10-30 04:00:00,7.92
2023-10-31 04:00:00,7.88
2023-11-01 04:00:00,7.69
2023-11-02 04:00:00,7.51
2023-11-03 04:00:00,7.38
2023-11-06 05:00:00,7.48
2023-11-07 05:00:00,7.46
2023-11-08 05:00:00,7.41
2023-11-09 05:00:00,7.55
2023-11-10 05:00:00,7.56
2023-11-13 05:00:00,7.58
2023-11-14 05:00:00,7.4
2023-11-15 05:00:00,7.45
2023-11-16 05:00:00,7.36
2023-11-17 05:00:00,7.37
2023-11-20 05:00:00,7.38
2023-11-21 05:00:00,7.33
2023-11-22 05:00:00,7.32
2023-11-27 05:00:00,7.32
2023-11-28 05:00:00,7.3
2023-11-29 05:00:00,7.13
2023-11-30 05:00:00,7.15
2023-12-01 05:00:00,7.09
2023-12-04 05:00:00,7.11
2023-12-05 05:00:00,7.08
2023-12-06 05:00:00,7.04
2023-12-07 05:00:00,7.05
2023-12-08 05:00:00,7.09
2023-12-11 05:00:00,7.1
2023-12-12 05:00:00,7.09
2023-12-13 05:00:00,6.82
2023-12-14 05:00:00,6.62
2023-12-15 05:00:00,6.64
2023-12-18 05:00:00,6.65
2023-12-19 05:00:00,6.64
2023-12-20 05:00:00,6.64
2023-12-21 05:00:00,6.66
2023-12-22 05:00:00,6.68
2023-12-26 05:00:00,6.67
2023-12-27 05:00:00,6.61
2023-12-28 05:00:00,6.63
2023-12-29 05:00:00,6.67
2024-01-02 05:00:00,6.72
2024-01-03 05:00:00,6.7
2024-01-04 05:00:00,6.76
2024-01-05 05:00:00,6.75
2024-01-08 05:00:00,6.74
2024-01-09 05:00:00,6.8
2024-01-10 05:00:00,6.78
2024-01-11 05:00:00,6.72
2024-01-12 05:00:00,6.69
2024-01-16 05:00:00,6.77
2024-01-17 05:00:00,6.88
2024-01-18 05:00:00,6.89
2024-01-19 05:00:00,6.92
2024-01-22 05:00:00,6.87
2024-01-23 05:00:00,6.92
2024-01-24 05:00:00,6.95
2024-01-25 05:00:00,6.9
2024-01-26 05:00:00,6.9
2024-01-29 05:00:00,6.88
2024-01-30 05:00:00,6.87
2024-01-31 05:00:00,6.75
2024-02-01 05:00:00,6.63
2024-02-02 05:00:00,6.92
2024-02-05 05:00:00,7.04
2024-02-06 05:00:00,6.96
2024-02-07 05:00:00,6.95
2024-02-08 05:00:00,6.97
2024-02-09 05:00:00,6.98
2024-02-12 05:00:00,6.96
2024-02-13 05:00:00,7.13
2024-02-14 05:00:00,7.09
2024-02-15 05:00:00,7.03
2024-02-16 05:00:00,7.14
2024-02-20 05:00:00,7.11
2024-02-21 05:00:00,7.14
2024-02-22 05:00:00,7.16
2024-02-23 05:00:00,7.08
2024-02-26 05:00:00,7.13
2024-02-27 05:00:00,7.16
2024-02-28 05:00:00,7.15
2024-02-29 05:00:00,7.1
2024-03-01 05:00:00,7.08
2024-03-04 05:00:00,7.09
2024-03-05 05:00:00,7.03
2024-03-06 05:00:00,6.97
2024-03-07 05:00:00,6.92
2024-03-08 05:00:00,6.85
2024-03-11 04:00:00,6.87
2024-03-12 04:00:00,6.92
2024-03-13 04:00:00,6.94
2024-03-14 04:00:00,7.02
2024-03-15 04:00:00,7.09
2024-03-18 04:00:00,7.11
2024-03-19 04:00:00,7.11
2024-03-20 04:00:00,7.03
2024-03-21 04:00:00,6.96
2024-03-22 04:00:00,6.91
2024-03-25 04:00:00,6.92
2024-03-26 04:00:00,6.91
2024-03-27 04:00:00,6.91
2024-03-28 04:00:00,6.91
2024-04-01 04:00:00,7.05
2024-04-02 04:00:00,7.06
2024-04-03 04:00:00,7.07
2024-04-04 04:00:00,6.99
2024-04-05 04:00:00,7.01
2024-04-08 04:00:00,7.11
2024-04-09 04:00:00,7.06
2024-04-10 04:00:00,7.34
2024-04-11 04:00:00,7.37
2024-04-12 04:00:00,7.3
2024-04-15 04:00:00,7.44
2024-04-16 04:00:00,7.5
2024-04-17 04:00:00,7.41
2024-04-18 04:00:00,7.43
2024-04-19 04:00:00,7.44
2024-04-22 04:00:00,7.43
2024-04-23 04:00:00,7.38
2024-04-24 04:00:00,7.39
2024-04-25 04:00:00,7.52
2024-04-26 04:00:00,7.45
2024-04-29 04:00:00,7.43
2024-04-30 04:00:00,7.51
2024-05-01 04:00:00,7.41
2024-05-02 04:00:00,7.37
2024-05-03 04:00:00,7.28
2024-05-06 04:00:00,7.25
2024-05-07 04:00:00,7.19
2024-05-08 04:00:00,7.2
2024-05-09 04:00:00,7.15
2024-05-10 04:00:00,7.16
2024-05-13 04:00:00,7.12
2024-05-14 04:00:00,7.11
2024-05-15 04:00:00,6.99
2024-05-16 04:00:00,7.02
2024-05-17 04:00:00,7.09
2024-05-20 04:00:00,7.1
2024-05-21 04:00:00,7.05
2024-05-22 04:00:00,7.09
2024-05-23 04:00:00,7.17
2024-05-24 04:00:00,7.16
2024-05-28 04:00:00,7.28
2024-05-29 04:00:00,7.34
2024-05-30 04:00:00,7.29
2024-05-31 04:00:00,7.17
2024-06-03 04:00:00,7.11
2024-06-04 04:00:00,7.07
2024-06-05 04:00:00,7.03
2024-06-06 04:00:00,7.03
2024-06-07 04:00:00,7.15
2024-06-10 04:00:00,7.17
2024-06-11 04:00:00,7.16
2024-06-12 04:00:00,6.98
2024-06-13 04:00:00,6.97
2024-06-14 04:00:00,6.99
2024-06-17 04:00:00,7.04
2024-06-18 04:00:00,7.02
2024-06-20 04:00:00,7.02
2024-06-21 04:00:00,7.01
2024-06-24 04:00:00,7.02
2024-06-25 04:00:00,7.03
2024-06-26 04:00:00,7.06
2024-06-27 04:00:00,7.05
2024-06-28 04:00:00,7.07
2024-07-01 04:00:00,7.14
2024-07-02 04:00:00,7.13
2024-07-03 04:00:00,7.08
2024-07-05 04:00:00,7.03
2024-07-08 04:00:00,7.01
2024-07-09 04:00:00,7.01
2024-07-10 04:00:00,6.99
2024-07-11 04:00:00,6.85
2024-07-12 04:00:00,6.82
2024-07-15 04:00:00,6.81
2024-07-16 04:00:00,6.84
2024-07-17 04:00:00,6.83
2024-07-18 04:00:00,6.81
2024-07-19 04:00:00,6.89
2024-07-22 04:00:00,6.89
2024-07-23 04:00:00,6.87
2024-07-24 04:00:00,6.9
2024-07-25 04:00:00,6.91
2024-07-26 04:00:00,6.86
2024-07-29 04:00:00,6.81
2024-07-30 04:00:00,6.8
2024-07-31 04:00:00,6.7
2024-08-01 04:00:00,6.62
2024-08-02 04:00:00,6.4
2024-08-05 04:00:00,6.34
2024-08-06 04:00:00,6.52
2024-08-07 04:00:00,6.58
2024-08-08 04:00:00,6.63
2024-08-09 04:00:00,6.54
2024-08-12 04:00:00,6.55
2024-08-13 04:00:00,6.52
2024-08-14 04:00:00,6.49
2024-08-15 04:00:00,6.58
2024-08-16 04:00:00,6.56
2024-08-19 04:00:00,6.53
2024-08-20 04:00:00,6.49
2024-08-21 04:00:00,6.46
2024-08-22 04:00:00,6.48
2024-08-23 04:00:00,6.44
2024-08-26 04:00:00,6.43
2024-08-27 04:00:00,6.42
2024-08-28 04:00:00,6.37
2024-08-29 04:00:00,6.41
2024-08-30 04:00:00,6.43
2024-09-03 04:00:00,6.4
2024-09-04 04:00:00,6.38
2024-09-05 04:00:00,6.35
2024-09-06 04:00:00,6.27
2024-09-09 04:00:00,6.25
2024-09-10 04:00:00,6.22
2024-09-11 04:00:00,6.11
2024-09-12 04:00:00,6.15
2024-09-13 04:00:00,6.14
2024-09-16 04:00:00,6.12
2024-09-17 04:00:00,6.11
2024-09-18 04:00:00,6.15
2024-09-19 04:00:00,6.17
2024-09-20 04:00:00,6.15
2024-09-23 04:00:00,6.2
2024-09-24 04:00:00,6.18
2024-09-25 04:00:00,6.19
2024-09-26 04:00:00,6.21
2024-09-27 04:00:00,6.2
2024-09-30 04:00:00,6.24
2024-10-01 04:00:00,6.2
2024-10-02 04:00:00,6.25
2024-10-03 04:00:00,6.26
2024-10-04 04:00:00,6.53
2024-10-07 04:00:00,6.62
2024-10-08 04:00:00,6.62
2024-10-09 04:00:00,6.67
2024-10-10 04:00:00,6.62
2024-10-11 04:00:00,6.64
2024-10-15 04:00:00,6.62
2024-10-16 04:00:00,6.63
2024-10-17 04:00:00,6.68
2024-10-18 04:00:00,6.68
2024-10-21 04:00:00,6.82
2024-10-22 04:00:00,6.85
2024-10-23 04:00:00,6.92
2024-10-24 04:00:00,6.91
2024-10-25 04:00:00,6.9
2024-10-28 04:00:00,7.0
2024-10-29 04:00:00,7.03
2024-10-30 04:00:00,7.02
2024-10-31 04:00:00,7.09
2024-11-01 04:00:00,7.09
2024-11-04 05:00:00,7.05
2024-11-05 05:00:00,7.04
2024-11-06 05:00:00,7.13
2024-11-07 05:00:00,6.98
2024-11-08 05:00:00,6.92
2024-11-12 05:00:00,7.02
2024-11-13 05:00:00,7.01
2024-11-14 05:00:00,7.02
2024-11-15 05:00:00,7.05
2024-11-18 05:00:00,7.08
2024-11-19 05:00:00,7.04
2024-11-20 05:00:00,7.05
2024-11-21 05:00:00,7.04
2024-11-22 05:00:00,7.03
2024-11-25 05:00:00,6.93
2024-11-26 05:00:00,6.95
2024-11-27 05:00:00,6.92
2024-11-29 05:00:00,6.88
2024-12-02 05:00:00,6.91
2024-12-03 05:00:00,6.85
2024-12-04 05:00:00,6.84
2024-12-05 05:00:00,6.84
2024-12-06 05:00:00,6.68
2024-12-09 05:00:00,6.72
2024-12-10 05:00:00,6.78
2024-12-11 05:00:00,6.8
2024-12-12 05:00:00,6.87
2024-12-13 05:00:00,6.95
2024-12-16 05:00:00,6.93
2024-12-17 05:00:00,6.92
2024-12-18 05:00:00,7.13
2024-12-19 05:00:00,7.14
2024-12-20 05:00:00,7.04
2024-12-23 05:00:00,7.1
2024-12-26 05:00:00,7.12
2024-12-27 05:00:00,7.11
2024-12-30 05:00:00,7.06
2024-12-31 05:00:00,7.07
2025-01-02 05:00:00,7.07
2025-01-03 05:00:00,7.1
2025-01-06 05:00:00,7.1
2025-01-07 05:00:00,7.14
2025-01-08 05:00:00,7.17
2025-01-09 05:00:00,7.15
2025-01-10 05:00:00,7.24
2025-01-13 05:00:00,7.26
2025-01-14 05:00:00,7.25
2025-01-15 05:00:00,7.13
2025-01-16 05:00:00,7.07
2025-01-17 05:00:00,7.08
2025-01-21 05:00:00,7.08
2025-01-22 05:00:00,7.08
2025-01-23 05:00:00,7.12
2025-01-24 05:00:00,7.11
2025-01-27 05:00:00,7.07
2025-01-28 05:00:00,7.07
2025-01-29 05:00:00,7.06
2025-01-30 05:00:00,7.05
2025-01-31 05:00:00,7.05
2025-02-03 05:00:00,7.05
2025-02-04 05:00:00,7.05
2025-02-05 05:00:00,6.99
2025-02-06 05:00:00,7.0
2025-02-07 05:00:00,7.03
2025-02-10 05:00:00,7.01
2025-02-11 05:00:00,7.05
2025-02-12 05:00:00,7.13
2025-02-13 05:00:00,7.04
2025-02-14 05:00:00,6.96
2025-02-18 05:00:00,7.02
2025-02-19 05:00:00,7.02
2025-02-20 05:00:00,6.96
2025-02-21 05:00:00,6.89
2025-02-24 05:00:00,6.87
2025-02-25 05:00:00,6.8
2025-02-26 05:00:00,6.78
2025-02-27 05:00:00,6.79
2025-02-28 05:00:00,6.74
2025-03-03 05:00:00,6.74
2025-03-04 05:00:00,6.7
2025-03-05 05:00:00,6.72
2025-03-06 05:00:00,6.79
2025-03-07 05:00:00,6.79
2025-03-10 04:00:00,6.72
2025-03-11 04:00:00,6.79
2025-03-12 04:00:00,6.82
2025-03-13 04:00:00,6.78
2025-03-14 04:00:00,6.81
2025-03-17 04:00:00,6.8
2025-03-18 04:00:00,6.78
2025-03-19 04:00:00,6.76
2025-03-20 04:00:00,6.71
2025-03-21 04:00:00,6.72
2025-03-24 04:00:00,6.77
2025-03-25 04:00:00,6.8
2025-03-26 04:00:00,6.8
2025-03-27 04:00:00,6.82
2025-03-28 04:00:00,6.76
2025-03-31 04:00:00,6.74
2025-04-01 04:00:00,6.71
2025-04-02 04:00:00,6.75
2025-04-03 04:00:00,6.63
2025-04-04 04:00:00,6.6
2025-04-07 04:00:00,6.82
2025-04-08 04:00:00,6.85
2025-04-09 04:00:00,6.95
2025-04-10 04:00:00,6.97
2025-04-11 04:00:00,7.07
2025-04-14 04:00:00,6.98
2025-04-15 04:00:00,6.88
2025-04-16 04:00:00,6.86
2025-04-17 04:00:00,6.87
2025-04-21 04:00:00,6.98
2025-04-22 04:00:00,6.98
2025-04-23 04:00:00,6.94
2025-04-24 04:00:00,6.92
2025-04-25 04:00:00,6.84
